{
  "user_config": [
    {
      "id": 1,
      "birth_year": 1998,
      "initial_blood": 27856800,
      "current_blood": 27856686,
      "current_spirit": 0,
      "current_money": 0,
      "target_money": 5000000,
      "created_at": "2025-09-21 07:40:35"
    }
  ],
  "tasks": [
    {
      "id": 1,
      "name": "早起",
      "category": "positive",
      "spirit_effect": 1,
      "blood_effect": 0,
      "frequency": "daily",
      "status": 1,
      "created_at": "2025-09-21 07:40:35"
    },
    {
      "id": 2,
      "name": "晨跑30分钟",
      "category": "positive",
      "spirit_effect": 1,
      "blood_effect": 1,
      "frequency": "daily",
      "status": 1,
      "created_at": "2025-09-21 07:40:35"
    },
    {
      "id": 3,
      "name": "八部金刚功",
      "category": "positive",
      "spirit_effect": 1,
      "blood_effect": 2,
      "frequency": "daily",
      "status": 1,
      "created_at": "2025-09-21 07:40:35"
    },
    {
      "id": 4,
      "name": "冥想15分钟",
      "category": "positive",
      "spirit_effect": 2,
      "blood_effect": 0,
      "frequency": "daily",
      "status": 1,
      "created_at": "2025-09-21 07:40:35"
    },
    {
      "id": 5,
      "name": "阅读1小时",
      "category": "positive",
      "spirit_effect": 1,
      "blood_effect": 0,
      "frequency": "daily",
      "status": 1,
      "created_at": "2025-09-21 07:40:35"
    },
    {
      "id": 6,
      "name": "控制情绪",
      "category": "positive",
      "spirit_effect": 1,
      "blood_effect": 0,
      "frequency": "daily",
      "status": 1,
      "created_at": "2025-09-21 07:40:35"
    },
    {
      "id": 7,
      "name": "打扫房间",
      "category": "positive",
      "spirit_effect": 1,
      "blood_effect": 0,
      "frequency": "daily",
      "status": 1,
      "created_at": "2025-09-21 07:40:35"
    },
    {
      "id": 8,
      "name": "熬夜",
      "category": "negative",
      "spirit_effect": -3,
      "blood_effect": -1,
      "frequency": "daily",
      "status": 1,
      "created_at": "2025-09-21 07:40:35"
    },
    {
      "id": 9,
      "name": "刷自媒体",
      "category": "negative",
      "spirit_effect": -3,
      "blood_effect": 0,
      "frequency": "daily",
      "status": 1,
      "created_at": "2025-09-21 07:40:35"
    },
    {
      "id": 10,
      "name": "打游戏",
      "category": "negative",
      "spirit_effect": -3,
      "blood_effect": 0,
      "frequency": "daily",
      "status": 1,
      "created_at": "2025-09-21 07:40:35"
    },
    {
      "id": 11,
      "name": "发脾气",
      "category": "negative",
      "spirit_effect": -3,
      "blood_effect": -3,
      "frequency": "daily",
      "status": 1,
      "created_at": "2025-09-21 07:40:35"
    },
    {
      "id": 12,
      "name": "晚起",
      "category": "negative",
      "spirit_effect": -2,
      "blood_effect": 0,
      "frequency": "daily",
      "status": 1,
      "created_at": "2025-09-21 07:40:35"
    }
  ],
  "task_records": [],
  "finance_records": [],
  "skill_progress": [
    {
      "id": 1,
      "skill_name": "高等数学",
      "parent_id": null,
      "total_nodes": 4,
      "completed_nodes": 0,
      "realm_level": "练气期",
      "created_at": "2025-09-21 08:57:12"
    },
    {
      "id": 2,
      "skill_name": "函数定义",
      "parent_id": 1,
      "total_nodes": 1,
      "completed_nodes": 0,
      "realm_level": "练气期",
      "created_at": "2025-09-21 08:57:12"
    },
    {
      "id": 3,
      "skill_name": "极限",
      "parent_id": 1,
      "total_nodes": 1,
      "completed_nodes": 0,
      "realm_level": "练气期",
      "created_at": "2025-09-21 08:57:12"
    },
    {
      "id": 4,
      "skill_name": "函数的极限",
      "parent_id": 1,
      "total_nodes": 1,
      "completed_nodes": 0,
      "realm_level": "练气期",
      "created_at": "2025-09-21 08:57:12"
    },
    {
      "id": 5,
      "skill_name": "微积分",
      "parent_id": 1,
      "total_nodes": 1,
      "completed_nodes": 0,
      "realm_level": "练气期",
      "created_at": "2025-09-21 08:57:12"
    },
    {
      "id": 6,
      "skill_name": "Python编程",
      "parent_id": null,
      "total_nodes": 3,
      "completed_nodes": 0,
      "realm_level": "练气期",
      "created_at": "2025-09-21 08:57:12"
    },
    {
      "id": 7,
      "skill_name": "numpy",
      "parent_id": 6,
      "total_nodes": 1,
      "completed_nodes": 0,
      "realm_level": "练气期",
      "created_at": "2025-09-21 08:57:12"
    },
    {
      "id": 8,
      "skill_name": "pandas",
      "parent_id": 6,
      "total_nodes": 1,
      "completed_nodes": 0,
      "realm_level": "练气期",
      "created_at": "2025-09-21 08:57:12"
    },
    {
      "id": 9,
      "skill_name": "matplotlib",
      "parent_id": 6,
      "total_nodes": 1,
      "completed_nodes": 0,
      "realm_level": "练气期",
      "created_at": "2025-09-21 08:57:12"
    },
    {
      "id": 10,
      "skill_name": "英语",
      "parent_id": null,
      "total_nodes": 4,
      "completed_nodes": 0,
      "realm_level": "练气期",
      "created_at": "2025-09-21 08:57:12"
    },
    {
      "id": 11,
      "skill_name": "单词",
      "parent_id": 10,
      "total_nodes": 1,
      "completed_nodes": 0,
      "realm_level": "练气期",
      "created_at": "2025-09-21 08:57:12"
    },
    {
      "id": 12,
      "skill_name": "语法",
      "parent_id": 10,
      "total_nodes": 1,
      "completed_nodes": 0,
      "realm_level": "练气期",
      "created_at": "2025-09-21 08:57:12"
    },
    {
      "id": 13,
      "skill_name": "听力",
      "parent_id": 10,
      "total_nodes": 1,
      "completed_nodes": 0,
      "realm_level": "练气期",
      "created_at": "2025-09-21 08:57:12"
    },
    {
      "id": 14,
      "skill_name": "口语",
      "parent_id": 10,
      "total_nodes": 1,
      "completed_nodes": 0,
      "realm_level": "练气期",
      "created_at": "2025-09-21 08:57:12"
    },
    {
      "id": 15,
      "skill_name": "紫微斗数",
      "parent_id": null,
      "total_nodes": 2,
      "completed_nodes": 0,
      "realm_level": "练气期",
      "created_at": "2025-09-21 08:57:12"
    },
    {
      "id": 16,
      "skill_name": "八卦",
      "parent_id": 15,
      "total_nodes": 1,
      "completed_nodes": 0,
      "realm_level": "练气期",
      "created_at": "2025-09-21 08:57:12"
    },
    {
      "id": 17,
      "skill_name": "12星宿",
      "parent_id": 15,
      "total_nodes": 1,
      "completed_nodes": 0,
      "realm_level": "练气期",
      "created_at": "2025-09-21 08:57:12"
    },
    {
      "id": 18,
      "skill_name": "量化交易",
      "parent_id": null,
      "total_nodes": 3,
      "completed_nodes": 0,
      "realm_level": "练气期",
      "created_at": "2025-09-21 08:57:12"
    },
    {
      "id": 19,
      "skill_name": "指标",
      "parent_id": 18,
      "total_nodes": 1,
      "completed_nodes": 0,
      "realm_level": "练气期",
      "created_at": "2025-09-21 08:57:12"
    },
    {
      "id": 20,
      "skill_name": "策略",
      "parent_id": 18,
      "total_nodes": 1,
      "completed_nodes": 0,
      "realm_level": "练气期",
      "created_at": "2025-09-21 08:57:12"
    },
    {
      "id": 21,
      "skill_name": "回测",
      "parent_id": 18,
      "total_nodes": 1,
      "completed_nodes": 0,
      "realm_level": "练气期",
      "created_at": "2025-09-21 08:57:12"
    },
    {
      "id": 22,
      "skill_name": "Web开发",
      "parent_id": null,
      "total_nodes": 3,
      "completed_nodes": 0,
      "realm_level": "练气期",
      "created_at": "2025-09-21 08:57:12"
    },
    {
      "id": 23,
      "skill_name": "HTML",
      "parent_id": 22,
      "total_nodes": 1,
      "completed_nodes": 0,
      "realm_level": "练气期",
      "created_at": "2025-09-21 08:57:12"
    },
    {
      "id": 24,
      "skill_name": "CSS",
      "parent_id": 22,
      "total_nodes": 1,
      "completed_nodes": 0,
      "realm_level": "练气期",
      "created_at": "2025-09-21 08:57:12"
    },
    {
      "id": 25,
      "skill_name": "JavaScript",
      "parent_id": 22,
      "total_nodes": 1,
      "completed_nodes": 0,
      "realm_level": "练气期",
      "created_at": "2025-09-21 08:57:12"
    },
    {
      "id": 26,
      "skill_name": "智能合约",
      "parent_id": null,
      "total_nodes": 3,
      "completed_nodes": 0,
      "realm_level": "练气期",
      "created_at": "2025-09-21 08:57:12"
    },
    {
      "id": 27,
      "skill_name": "Solidity",
      "parent_id": 26,
      "total_nodes": 1,
      "completed_nodes": 0,
      "realm_level": "练气期",
      "created_at": "2025-09-21 08:57:12"
    },
    {
      "id": 28,
      "skill_name": "部署",
      "parent_id": 26,
      "total_nodes": 1,
      "completed_nodes": 0,
      "realm_level": "练气期",
      "created_at": "2025-09-21 08:57:12"
    },
    {
      "id": 29,
      "skill_name": "测试",
      "parent_id": 26,
      "total_nodes": 1,
      "completed_nodes": 0,
      "realm_level": "练气期",
      "created_at": "2025-09-21 08:57:12"
    }
  ]
}